BetaCoVUSA_WA2_2020_EPI_ISL_412970	USA
BetaCoV_Anhui_SZ005_2020_EPI_ISL_413485	China
BetaCoV_Australia_NSW01_2020_EPI_ISL_407893	Wales
BetaCoV_Australia_NSW05_2020_EPI_ISL_412975	Wales
BetaCoV_Australia_NSW06_2020_EPI_ISL_413213	Wales
BetaCoV_Australia_NSW07_2020_EPI_ISL_413214	Wales
BetaCoV_Australia_QLD01_2020_EPI_ISL_407894	Australia
BetaCoV_Australia_QLD02_2020_EPI_ISL_407896	Australia
BetaCoV_Australia_QLD03_2020_EPI_ISL_410717	Australia
BetaCoV_Australia_QLD04_2020_EPI_ISL_410718	Australia
BetaCoV_Australia_VIC01_2020_EPI_ISL_406844	Australia
BetaCoV_Beijing_105_2020_EPI_ISL_413518	China
BetaCoV_Beijing_231_2020_EPI_ISL_413519	China
BetaCoV_Beijing_233_2020_EPI_ISL_413520	China
BetaCoV_Beijing_235_2020_EPI_ISL_413521	China
BetaCoV_Beijing_IVDC-BJ-005_2020_EPI_ISL_408485	China
BetaCoV_Belgium_GHB-03021_2020_EPI_ISL_407976	Belgium
BetaCoV_Brazil_SPBR-01_2020_EPI_ISL_412964	Brazil
BetaCoV_Cambodia_0012_2020_EPI_ISL_411902	Cambodia
BetaCoV_Canada_BC_37_0-2_2020_EPI_ISL_412965	Canada
BetaCoV_Canada_ON-PHL2445_2020_EPI_ISL_413014	Canada
BetaCoV_Canada_ON_VIDO-01_2020_EPI_ISL_413015	Canada
BetaCoV_China_HKU-SZ-007a_2020_EPI_ISL_412049	China
BetaCoV_China_HKU-SZ-007a_2020_EPI_ISL_412052	China
BetaCoV_China_HKU-SZ-007b_2020_EPI_ISL_412050	China
BetaCoV_China_HKU-SZ-007b_2020_EPI_ISL_412053	China
BetaCoV_China_HKU-SZ-007c_2020_EPI_ISL_412051	China
BetaCoV_China_HKU-SZ-007c_2020_EPI_ISL_412054	China
BetaCoV_China_HS_17_2020_EPI_ISL_411959	China
BetaCoV_China_HS_18_2020_EPI_ISL_411960	China
BetaCoV_China_HS_194_2020_EPI_ISL_411967	China
BetaCoV_China_HS_38_2020_EPI_ISL_411961	China
BetaCoV_China_HS_46_2020_EPI_ISL_411962	China
BetaCoV_China_HS_64_2020_EPI_ISL_411963	China
BetaCoV_China_HS_84_2020_EPI_ISL_411964	China
BetaCoV_China_HS_86_2020_EPI_ISL_411965	China
BetaCoV_China_HS_8_2020_EPI_ISL_411958	China
BetaCoV_China_HS_92_2020_EPI_ISL_411966	China
BetaCoV_China_IQTC01_2020_EPI_ISL_412966	China
BetaCoV_China_IQTC02_2020_EPI_ISL_412967	China
BetaCoV_China_WH-09_2020_EPI_ISL_411957	China
BetaCoV_China_WHU01_2020_EPI_ISL_406716	China
BetaCoV_China_WHU02_2020_EPI_ISL_406717	China
BetaCoV_Chongqing_IVDC-CQ-001_2020_EPI_ISL_408481	China
BetaCoV_Chongqing_YC01_2020_EPI_ISL_408478	China
BetaCoV_Chongqing_ZX01_2020_EPI_ISL_408479	China
BetaCoV_England_01_2020_EPI_ISL_407071	England
BetaCoV_England_02_2020_EPI_ISL_407073	England
BetaCoV_England_03_2020_EPI_ISL_412116	England
BetaCoV_Finland_1_2020_EPI_ISL_407079	Finland
BetaCoV_Finland_FIN-25_2020_EPI_ISL_412971	Finland
BetaCoV_Foshan_20SF207_2020_EPI_ISL_406534	China
BetaCoV_Foshan_20SF210_2020_EPI_ISL_406535	China
BetaCoV_Foshan_20SF211_2020_EPI_ISL_406536	China
BetaCoV_France_IDF0372_2020_EPI_ISL_406596	France
BetaCoV_France_IDF0372_2020_EPI_ISL_410720	France
BetaCoV_France_IDF0373_2020_EPI_ISL_406597	France
BetaCoV_France_IDF0386_2020_EPI_ISL_411219	France
BetaCoV_France_IDF0386_2020_EPI_ISL_411220	France
BetaCoV_France_IDF0515-isl_2020_EPI_ISL_410984	France
BetaCoV_France_IDF0515_2020_EPI_ISL_408430	France
BetaCoV_France_IDF0571_2020_EPI_ISL_411218	France
BetaCoV_France_RA739_2020_EPI_ISL_410486	France
BetaCoV_Fujian_13_2020_EPI_ISL_411066	China
BetaCoV_Fujian_8_2020_EPI_ISL_411060	China
BetaCoV_Germany_Baden-Wuerttemberg-1_2020_EPI_ISL_412912	Germany
BetaCoV_Germany_BavPat1_2020_EPI_ISL_406862	Germany
BetaCoV_Germany_NRW-01_2020_EPI_ISL_413488	Germany
BetaCoV_Guangdong_20SF012_2020_EPI_ISL_403932	China
BetaCoV_Guangdong_20SF013_2020_EPI_ISL_403933	China
BetaCoV_Guangdong_20SF014_2020_EPI_ISL_403934	China
BetaCoV_Guangdong_20SF025_2020_EPI_ISL_403935	China
BetaCoV_Guangdong_20SF028_2020_EPI_ISL_403936	China
BetaCoV_Guangdong_20SF040_2020_EPI_ISL_403937	China
BetaCoV_Guangdong_20SF174_2020_EPI_ISL_406531	China
BetaCoV_Guangdong_20SF201_2020_EPI_ISL_406538	China
BetaCoV_Guangzhou_20SF206_2020_EPI_ISL_406533	China
BetaCoV_Hangzhou_HZCDC0001_2020_EPI_ISL_407313	China
BetaCoV_Hefei_2_2020_EPI_ISL_412026	China
BetaCoV_Henan_IVDC-HeN-002_2020_EPI_ISL_408487	China
BetaCoV_Hong_Kong_VB20017970_2020_EPI_ISL_408994	Hong Kong
BetaCoV_Hong_Kong_VB20019871_2020_EPI_ISL_408996	Hong Kong
BetaCoV_Hong_Kong_VB20019923_2020_EPI_ISL_408997	Hong Kong
BetaCoV_Hong_Kong_VB20024950_2020_EPI_ISL_409022	Hong Kong
BetaCoV_Hong_Kong_VB20026565_2020_EPI_ISL_409024	Hong Kong
BetaCoV_Hong_Kong_VB20026565_2020_EPI_ISL_412030	Hong Kong
BetaCoV_Hong_Kong_VM20001061_2020_EPI_ISL_408975	Hong Kong
BetaCoV_Hong_Kong_VM20001061_2020_EPI_ISL_412028	Hong Kong
BetaCoV_Hong_Kong_VM20001218_2020_EPI_ISL_408995	Hong Kong
BetaCoV_Hong_Kong_VM20001387_2020_EPI_ISL_408998	Hong Kong
BetaCoV_Hong_Kong_VM20001403_2020_EPI_ISL_409000	Hong Kong
BetaCoV_Hong_Kong_VM20001464_2020_EPI_ISL_408999	Hong Kong
BetaCoV_Hong_Kong_VM20001776_2020_EPI_ISL_409002	Hong Kong
BetaCoV_Hong_Kong_VM20001794_2020_EPI_ISL_409001	Hong Kong
BetaCoV_Hong_Kong_VM20001988_2020_EPI_ISL_409020	Hong Kong
BetaCoV_Hong_Kong_VM20001988_2020_EPI_ISL_412029	Hong Kong
BetaCoV_Hong_Kong_VM20002162_2020_EPI_ISL_409023	Hong Kong
BetaCoV_Hong_Kong_VM20002302_2020_EPI_ISL_409025	Hong Kong
BetaCoV_Hong_Kong_VM20002343_2020_EPI_ISL_409026	Hong Kong
BetaCoV_Hong_Kong_VM20002345_2020_EPI_ISL_409027	Hong Kong
BetaCoV_Hong_Kong_VM20002493_2020_EPI_ISL_413491	Hong Kong
BetaCoV_Hong_Kong_VM20002507_2020_EPI_ISL_413493	Hong Kong
BetaCoV_Hong_Kong_VM20002508_2020_EPI_ISL_413494	Hong Kong
BetaCoV_Hong_Kong_VM20002509_2020_EPI_ISL_413492	Hong Kong
BetaCoV_Hong_Kong_VM20002581_2020_EPI_ISL_413496	Hong Kong
BetaCoV_Hong_Kong_VM20002582_2020_EPI_ISL_413495	Hong Kong
BetaCoV_Hong_Kong_VM20002588_2020_EPI_ISL_413497	Hong Kong
BetaCoV_Hong_Kong_VM20002663_2020_EPI_ISL_413498	Hong Kong
BetaCoV_India_1-27_2020_EPI_ISL_413522	India
BetaCoV_India_1-31_2020_EPI_ISL_413523	India
BetaCoV_Indonesia_NIHRD-N206_2020_EPI_ISL_413219	Indonesia
BetaCoV_Iran_MHKN-1_2020_EPI_ISL_413517	Iran
BetaCoV_Italy_CDG1_2020_EPI_ISL_412973	Italy
BetaCoV_Italy_INMI1-cs_2020_EPI_ISL_410546	Italy
BetaCoV_Italy_INMI1-isl_2020_EPI_ISL_410545	Italy
BetaCoV_Italy_INMI1_2020_EPI_ISL_406959	Italy
BetaCoV_Italy_INMI1_2020_EPI_ISL_408068	Italy
BetaCoV_Italy_INMI2_2020_EPI_ISL_406960	Italy
BetaCoV_Italy_SPL1_2020__EPI_ISL_412974	Italy
BetaCoV_Italy_UniSR1_2020_EPI_ISL_413489	Italy
BetaCoV_Japan_AI_I-004_2020_EPI_ISL_407084	Japan
BetaCoV_Japan_Hu_DP_Kng_19-020_2020_EPI_ISL_412968	Japan
BetaCoV_Japan_Hu_DP_Kng_19-027_2020_EPI_ISL_412969	Japan
BetaCoV_Japan_KY-V-029_2020_EPI_ISL_408669	Japan
BetaCoV_Japan_NA-20-05-1_2020_EPI_ISL_410531	Japan
BetaCoV_Japan_OS-20-07-1_2020_EPI_ISL_410532	Japan
BetaCoV_Japan_TK_20-31-3_2020_EPI_ISL_413459	Japan
BetaCoV_Japan_TY-WK-012_2020_EPI_ISL_408665	Japan
BetaCoV_Japan_TY-WK-501_2020_EPI_ISL_408666	Japan
BetaCoV_Japan_TY-WK-521_2020_EPI_ISL_408667	Japan
BetaCoV_Jiangsu_IVDC-JS-001_2020_EPI_ISL_408488	China
BetaCoV_Jiangsu_JS01_2020_EPI_ISL_411950	China
BetaCoV_Jiangsu_JS02_2020_EPI_ISL_411952	China
BetaCoV_Jiangsu_JS03_2020_EPI_ISL_411953	China
BetaCoV_Jiangxi_IVDC-JX-002_2020_EPI_ISL_408486	China
BetaCoV_Jingzhou_HBCDC-HB-01_2020_EPI_ISL_412459	China
BetaCoV_Kanagawa_1_2020_EPI_ISL_402126	Japan
BetaCoV_Korea_KCDC03_2020_EPI_ISL_407193	Korea
BetaCoV_Korea_KCDC05_2020_EPI_ISL_412869	Korea
BetaCoV_Korea_KCDC06_2020_EPI_ISL_412870	Korea
BetaCoV_Korea_KCDC07_2020_EPI_ISL_412871	Korea
BetaCoV_Korea_KCDC12_2020_EPI_ISL_412872	Korea
BetaCoV_Korea_KCDC24_2020_EPI_ISL_412873	Korea
BetaCoV_Malaysia_CL5045_2020_EPI_ISL_410487	Malaysia
BetaCoV_Malaysia_CL5047_2020_EPI_ISL_410488	Malaysia
BetaCoV_Malaysia_CL5049_2020_EPI_ISL_410489	Malaysia
BetaCoV_Mexico_CDMX_InDRE_01_2020_EPI_ISL_412972	Mexico
BetaCoV_Nepal_61_2020_EPI_ISL_410301	Nepal
BetaCoV_New_Zealand_01_2020_EPI_ISL_413490	New Zealand
BetaCoV_Nonthaburi_61_2020_EPI_ISL_403962	Thailand
BetaCoV_Nonthaburi_74_2020_EPI_ISL_403963	Thailand
BetaCoV_Philippines_022N_2020_EPI_ISL_410345	Philippines
BetaCoV_Philippines_025N_2020_EPI_ISL_410344	Philippines
BetaCoV_Philippines_026N_2020_EPI_ISL_410314	Philippines
BetaCoV_Philippines_026_2020_EPI_ISL_410302	Philippines
BetaCoV_Scotland_CVR01_2020_EPI_ISL_413221	Scotland
BetaCoV_Shandong_IVDC-SD-001_2020_EPI_ISL_408482	China
BetaCoV_Shandong_LY-H13_2020_EPI_ISL_412425	China
BetaCoV_Shandong_LY-H15_2020_EPI_ISL_412426	China
BetaCoV_Shandong_LY001_2020_EPI_ISL_412387	China
BetaCoV_Shandong_LY002_2020_EPI_ISL_412418	China
BetaCoV_Shandong_LY003_2020_EPI_ISL_412419	China
BetaCoV_Shandong_LY004_2020_EPI_ISL_412420	China
BetaCoV_Shandong_LY005_2020_EPI_ISL_412421	China
BetaCoV_Shandong_LY006_2020_EPI_ISL_412422	China
BetaCoV_Shandong_LY007_2020_EPI_ISL_412423	China
BetaCoV_Shandong_LY008_2020_EPI_ISL_412424	China
BetaCoV_Shanghai_IVDC-SH-001_2020_EPI_ISL_408483	China
BetaCoV_Shanghai_SH-01_2020_EPI_ISL_411949	China
BetaCoV_Shenzhen_HKU-SZ-001_2020_EPI_ISL_412041	China
BetaCoV_Shenzhen_HKU-SZ-001_2020_EPI_ISL_412043	China
BetaCoV_Shenzhen_HKU-SZ-002_2020_EPI_ISL_406030	China
BetaCoV_Shenzhen_HKU-SZ-002b_2020_EPI_ISL_412044	China
BetaCoV_Shenzhen_HKU-SZ-004_2020_EPI_ISL_412042	China
BetaCoV_Shenzhen_HKU-SZ-004_2020_EPI_ISL_412045	China
BetaCoV_Shenzhen_HKU-SZ-005_2020_EPI_ISL_405839	China
BetaCoV_Shenzhen_HKU-SZ-005_2020_EPI_ISL_412046	China
BetaCoV_Shenzhen_SZTH-001_2020_EPI_ISL_406592	China
BetaCoV_Shenzhen_SZTH-002_2020_EPI_ISL_406593	China
BetaCoV_Shenzhen_SZTH-003_2020_EPI_ISL_406594	China
BetaCoV_Shenzhen_SZTH-004_2020_EPI_ISL_406595	China
BetaCoV_Sichuan_IVDC-SC-001_2020_EPI_ISL_408484	China
BetaCoV_Singapore_10_2020_EPI_ISL_410716	Singapore
BetaCoV_Singapore_11_2020_EPI_ISL_410719	Singapore
BetaCoV_Singapore_1_2020_EPI_ISL_406973	Singapore
BetaCoV_Singapore_2_2020_EPI_ISL_407987	Singapore
BetaCoV_Singapore_3_2020_EPI_ISL_407988	Singapore
BetaCoV_Singapore_4_2020_EPI_ISL_410535	Singapore
BetaCoV_Singapore_5_2020_EPI_ISL_410536	Singapore
BetaCoV_Singapore_6_2020_EPI_ISL_410537	Singapore
BetaCoV_Singapore_7_2020_EPI_ISL_410713	Singapore
BetaCoV_Singapore_8_2020_EPI_ISL_410714	Singapore
BetaCoV_Singapore_9_2020_EPI_ISL_410715	Singapore
BetaCoV_South_Korea_KUMC01_2020_EPI_ISL_413017	Korea
BetaCoV_South_Korea_KUMC02_2020_EPI_ISL_413018	Korea
BetaCoV_South_Korea_SNU01_2020_EPI_ISL_411929	Korea
BetaCoV_Sweden_01_2020_EPI_ISL_411951	Sweden
BetaCoV_Switzerland_1000477102_2020_EPI_ISL_413019	Switzerland
BetaCoV_Switzerland_1000477377_2020_EPI_ISL_413020	Switzerland
BetaCoV_Switzerland_1000477757_2020_EPI_ISL_413021	Switzerland
BetaCoV_Switzerland_1000477796_2020_EPI_ISL_413022	Switzerland
BetaCoV_Switzerland_1000477797_2020_EPI_ISL_413023	Switzerland
BetaCoV_Switzerland_1000477806_2020_EPI_ISL_413024	Switzerland
BetaCoV_Sydney_2_2020_EPI_ISL_408976	Wales
BetaCoV_Sydney_3_2020_EPI_ISL_408977	Wales
BetaCoV_Taiwan_2_2020_EPI_ISL_406031	Taiwan
BetaCoV_Taiwan_3_2020_EPI_ISL_411926	Taiwan
BetaCoV_Taiwan_4_2020_EPI_ISL_411927	Taiwan
BetaCoV_Taiwan_CGMH-CGU-01_2020_EPI_ISL_411915	Taiwan
BetaCoV_Taiwan_NTU01_2020_EPI_ISL_408489	Taiwan
BetaCoV_Tianmen_HBCDC-HB-07_2020_EPI_ISL_412983	China
BetaCoV_USA-CA7_2020_EPI_ISL_411954	USA
BetaCoV_USA-CA8_2020_EPI_ISL_411955	USA
BetaCoV_USA-TX1_2020_EPI_ISL_411956	USA
BetaCoV_USA_AZ1_2020_EPI_ISL_406223	USA
BetaCoV_USA_CA1_2020_EPI_ISL_406034	USA
BetaCoV_USA_CA2_2020_EPI_ISL_406036	USA
BetaCoV_USA_CA3_2020_EPI_ISL_408008	USA
BetaCoV_USA_CA4_2020_EPI_ISL_408009	USA
BetaCoV_USA_CA5_2020_EPI_ISL_408010	USA
BetaCoV_USA_CA6_2020_EPI_ISL_410044	USA
BetaCoV_USA_CA9_2020_EPI_ISL_412862	USA
BetaCoV_USA_IL1_2020_EPI_ISL_404253	USA
BetaCoV_USA_IL2_2020_EPI_ISL_410045	USA
BetaCoV_USA_MA1_2020_EPI_ISL_409067	USA
BetaCoV_USA_WA-S2_2020_EPI_ISL_413456	USA
BetaCoV_USA_WA1-A12_2020_EPI_ISL_407214	USA
BetaCoV_USA_WA1-F6_2020_EPI_ISL_407215	USA
BetaCoV_USA_WA1_2020_EPI_ISL_404895	USA
BetaCoV_USA_WA3_UW1_2020_EPI_ISL_413025	USA
BetaCoV_USA_WA6-UW3_2020_EPI_ISL_413457	USA
BetaCoV_USA_WA7-UW4_2020_EPI_ISL_413458	USA
BetaCoV_USA_WA8-UW5_2020_EPI_ISL_413486	USA
BetaCoV_USA_WA9-UW6_2020_EPI_ISL_413487	USA
BetaCoV_USA_WI1_2020_EPI_ISL_408670	USA
BetaCoV_Vietnam_VR03-38142_2020_EPI_ISL_408668	Vietnam
BetaCoV_Wuhan-Hu-1_2019_EPI_ISL_402125	China
BetaCoV_Wuhan_HBCDC-HB-01_2019_EPI_ISL_402132	China
BetaCoV_Wuhan_IPBCAMS-WH-01_2019_EPI_ISL_402123	China
BetaCoV_Wuhan_IPBCAMS-WH-02_2019_EPI_ISL_403931	China
BetaCoV_Wuhan_IPBCAMS-WH-03_2019_EPI_ISL_403930	China
BetaCoV_Wuhan_IPBCAMS-WH-04_2019_EPI_ISL_403929	China
BetaCoV_Wuhan_IVDC-HB-01_2019_EPI_ISL_402119	China
BetaCoV_Wuhan_IVDC-HB-04_2020_EPI_ISL_402120	China
BetaCoV_Wuhan_IVDC-HB-05_2019_EPI_ISL_402121	China
BetaCoV_Wuhan_IVDC-HB-envB5_2020_EPI_ISL_408513	China
BetaCoV_Wuhan_IVDC-HB-envF13-20_2020_EPI_ISL_408514	China
BetaCoV_Wuhan_IVDC-HB-envF13-21_2020_EPI_ISL_408515	China
BetaCoV_Wuhan_IVDC-HB-envF13_2020_EPI_ISL_408511	China
BetaCoV_Wuhan_IVDC-HB-envF54_2020_EPI_ISL_408512	China
BetaCoV_Wuhan_Tongji-01_2020_EPI_ISL_412034	China
BetaCoV_Wuhan_Tongji-02_2020_EPI_ISL_412035	China
BetaCoV_Wuhan_Tongji-03_2020_EPI_ISL_412036	China
BetaCoV_Wuhan_Tongji-04_2020_EPI_ISL_412037	China
BetaCoV_Wuhan_Tongji-05_2020_EPI_ISL_412038	China
BetaCoV_Wuhan_Tongji-06_2020_EPI_ISL_412039	China
BetaCoV_Wuhan_WH05_2020_EPI_ISL_408978	China
BetaCoV_Wuhan_WIV02_2019_EPI_ISL_402127	China
BetaCoV_Wuhan_WIV04_2019_EPI_ISL_402124	China
BetaCoV_Wuhan_WIV05_2019_EPI_ISL_402128	China
BetaCoV_Wuhan_WIV06_2019_EPI_ISL_402129	China
BetaCoV_Wuhan_WIV07_2019_EPI_ISL_402130	China
BetaCoV_Yunnan_IVDC-YN-003_2020_EPI_ISL_408480	China
BetaCoV_Zhejiang_Hangzhou-1_2020_EPI_ISL_406970	China
BetaCoV_Zhejiang_WZ-01_2020_EPI_ISL_404227	China
BetaCoV_Zhejiang_WZ-02_2020_EPI_ISL_404228	China
BetaCoV_bat_Yunnan_RaTG13_2013_EPI_ISL_402131	China
BetaCoV_pangolin_China_MP789_2019_EPI_ISL_412860	China
BetaCoV_pangolin_Guandong_1_2020_EPI_ISL_410721	China
BetaCoV_pangolin_Guangdong_P2S_2019_EPI_ISL_410544	China
BetaCoV_pangolin_Guangxi_P1E_2017_EPI_ISL_410539	China
BetaCoV_pangolin_Guangxi_P2V_2017_EPI_ISL_410542	China
BetaCoV_pangolin_Guangxi_P3B_2017_EPI_ISL_410543	China
BetaCoV_pangolin_Guangxi_P4L_2017_EPI_ISL_410538	China
BetaCoV_pangolin_Guangxi_P5E_2017_EPI_ISL_410541	China
BetaCoV_pangolin_Guangxi_P5L_2017_EPI_ISL_410540	China
BetaCov_Brazil_SPBR-02_2020_EPI_ISL_413016	Brazil
BetaCov_France_IDF0626_2020_EPI_ISL_408431	France
BetaCov_Taiwan_NTU02_2020_EPI_ISL_410218	Taiwan
BetaCov_Wuhan_WH01_2019_EPI_ISL_406798	China
BetaCov_Wuhan_WH02_2019_EPI_ISL_406799	China
BetaCov_Wuhan_WH03_2020_EPI_ISL_406800	China
BetaCov_Wuhan_WH04_2020_EPI_ISL_406801	China
IPBCAMS-WH-05_2020_EPI_ISL_403928	China
_BetaCoV_Wuhan_HBCDC-HB-02_2019_EPI_ISL_412898	China
_BetaCoV_Wuhan_HBCDC-HB-02_2020_EPI_ISL_412978	China
_BetaCoV_Wuhan_HBCDC-HB-03_2019_EPI_ISL_412899	China
_BetaCoV_Wuhan_HBCDC-HB-03_2020_EPI_ISL_412979	China
_BetaCoV_Wuhan_HBCDC-HB-04_2019_EPI_ISL_412900	China
_BetaCoV_Wuhan_HBCDC-HB-04_2020_EPI_ISL_412980	China
_BetaCoV_Wuhan_HBCDC-HB-05_2020_EPI_ISL_412981	China
_BetaCoV_Wuhan_HBCDC-HB-06_2020_EPI_ISL_412982	China
hCoV-19_Australia_NSW08_2020_EPI_ISL_413594	Australia
hCoV-19_Australia_NSW09_2020_EPI_ISL_413595	Australia
hCoV-19_Australia_NSW10_2020_EPI_ISL_413596	Australia
hCoV-19_Australia_NSW11_2020_EPI_ISL_413597	Australia
hCoV-19_Australia_NSW12_2020_EPI_ISL_413598	Australia
hCoV-19_Australia_NSW13_2020_EPI_ISL_413599	Australia
hCoV-19_Australia_NSW14_2020_EPI_ISL_413600	Australia
hCoV-19_Australia_QLD09_2020_EPI_ISL_414414	Australia
hCoV-19_Belgium_BA-02291_2020_EPI_ISL_415159	Belgium
hCoV-19_Belgium_BC-03016_2020_EPI_ISL_415157	Belgium
hCoV-19_Belgium_BM-03012_2020_EPI_ISL_415154	Belgium
hCoV-19_Belgium_QKJ-03015_2020_EPI_ISL_415158	Belgium
hCoV-19_Belgium_SH-03014_2020_EPI_ISL_415156	Belgium
hCoV-19_Belgium_VAG-03013_2020_EPI_ISL_415155	Belgium
hCoV-19_Belgium_VLM-03011_2020_EPI_ISL_415153	Belgium
hCoV-19_Brazil-RJ_314_2020_EPI_ISL_414045	Brazil
hCoV-19_Brazil_BA-312_2020_EPI_ISL_415105	Brazil
hCoV-19_Brazil_ES-225_2020_EPI_ISL_415128	Brazil
hCoV-19_Brazil_SPBR-03_2020_EPI_ISL_414014	Brazil
hCoV-19_Brazil_SPBR-04_2020_EPI_ISL_414017	Brazil
hCoV-19_Brazil_SPBR-05_2020_EPI_ISL_414016	Brazil
hCoV-19_Brazil_SPBR-06_2020_EPI_ISL_414015	Brazil
hCoV-19_Canada_BC_02421_2020_EPI_ISL_415581	Canada
hCoV-19_Canada_BC_13297_2020_EPI_ISL_415578	Canada
hCoV-19_Canada_BC_17397_2020_EPI_ISL_415580	Canada
hCoV-19_Canada_BC_25211_2020_EPI_ISL_415579	Canada
hCoV-19_Canada_BC_35720_2020_EPI_ISL_415582	Canada
hCoV-19_Canada_BC_40860_2020_EPI_ISL_415583	Canada
hCoV-19_Canada_BC_41851_2020_EPI_ISL_415584	Canada
hCoV-19_Canada_BC_64686_2020_EPI_ISL_415586	Canada
hCoV-19_Canada_BC_65034_2020_EPI_ISL_415585	Canada
hCoV-19_Canada_BC_66353_2020_EPI_ISL_415587	Canada
hCoV-19_Canada_BC_69243_2020_EPI_ISL_415577	Canada
hCoV-19_Canada_BC_78548_2020_EPI_ISL_415590	Canada
hCoV-19_Canada_BC_83109_2020_EPI_ISL_415588	Canada
hCoV-19_Canada_BC_83163_2020_EPI_ISL_415589	Canada
hCoV-19_Chile_Santiago-1_2020_EPI_ISL_414579	Chile
hCoV-19_Chile_Santiago-2_2020_EPI_ISL_414580	Chile
hCoV-19_Chile_Talca-1_2020_EPI_ISL_414577	Chile
hCoV-19_Chile_Talca-2_2020_EPI_ISL_414578	Chile
hCoV-19_China_2020XN4239-P0034_2020_EPI_ISL_413888	China
hCoV-19_China_2020XN4243-P0035_2020_EPI_ISL_413853	China
hCoV-19_China_2020XN4273-P0036_2020_EPI_ISL_413860	China
hCoV-19_China_2020XN4276-P0037_2020_EPI_ISL_413859	China
hCoV-19_China_2020XN4291-P0038_2020_EPI_ISL_413889	China
hCoV-19_China_2020XN4373-P0039_2020_EPI_ISL_413851	China
hCoV-19_China_2020XN4433-P0040_2020_EPI_ISL_413852	China
hCoV-19_China_2020XN4448-P0002_2020_EPI_ISL_413857	China
hCoV-19_China_2020XN4459-P0041_2020_EPI_ISL_413858	China
hCoV-19_China_2020XN4475-P0042_2020_EPI_ISL_413854	China
hCoV-19_China_DG-S9-P0045_2020_EPI_ISL_413868	China
hCoV-19_China_FS-S42-P0046_2020_EPI_ISL_413869	China
hCoV-19_China_FS-S48-P0047_2020_EPI_ISL_413870	China
hCoV-19_China_GD2020080-P0010_2020_EPI_ISL_413861	China
hCoV-19_China_GD2020086-P0021_2020_EPI_ISL_413862	China
hCoV-19_China_GD2020087-P0008_2020_EPI_ISL_413863	China
hCoV-19_China_GD2020115-P0009_2020_EPI_ISL_413884	China
hCoV-19_China_GD2020134-P0031_2020_EPI_ISL_413883	China
hCoV-19_China_GD2020139-P0007_2020_EPI_ISL_413882	China
hCoV-19_China_GD2020233-P0027_2020_EPI_ISL_413856	China
hCoV-19_China_GD2020234-P0023_2020_EPI_ISL_413855	China
hCoV-19_China_GD2020246-P0028_2020_EPI_ISL_413864	China
hCoV-19_China_GDFS2020052-P0025_2020_EPI_ISL_413875	China
hCoV-19_China_GDFS2020054-P0005_2020_EPI_ISL_413850	China
hCoV-19_China_GDFS2020127-P0026_2020_EPI_ISL_413874	China
hCoV-19_China_GDSZ202008-P0020_2020_EPI_ISL_413866	China
hCoV-19_China_GDSZ202015-P0019_2020_EPI_ISL_413867	China
hCoV-19_China_GZ-S6-P0050_2020_EPI_ISL_413873	China
hCoV-19_China_MM-S1-P0048_2020_EPI_ISL_413871	China
hCoV-19_China_SZ-N59-P0049_2020_EPI_ISL_413872	China
hCoV-19_China_Spain-cluster-case1_2020_EPI_ISL_415045	China
hCoV-19_China_Spain-cluster-case2_2020_EPI_ISL_415046	China
hCoV-19_China_Spain-cluster-case3_2020_EPI_ISL_415047	China
hCoV-19_China_WF0001_2020_EPI_ISL_413691	China
hCoV-19_China_WF0002_2020_EPI_ISL_413692	China
hCoV-19_China_WF0003_2020_EPI_ISL_413693	China
hCoV-19_China_WF0004_2020_EPI_ISL_413694	China
hCoV-19_China_WF0006_2020_EPI_ISL_413695	China
hCoV-19_China_WF0009_2020_EPI_ISL_413696	China
hCoV-19_China_WF0012_2020_EPI_ISL_413697	China
hCoV-19_China_WF0014_2020_EPI_ISL_413711	China
hCoV-19_China_WF0015_2020_EPI_ISL_413729	China
hCoV-19_China_WF0017_2020_EPI_ISL_413747	China
hCoV-19_China_WF0018_2020_EPI_ISL_413748	China
hCoV-19_China_WF0019_2020_EPI_ISL_413749	China
hCoV-19_China_WF0020_2020_EPI_ISL_413750	China
hCoV-19_China_WF0021_2020_EPI_ISL_413751	China
hCoV-19_China_WF0023_2020_EPI_ISL_413752	China
hCoV-19_China_WF0024_2020_EPI_ISL_413753	China
hCoV-19_China_WF0026_2020_EPI_ISL_413761	China
hCoV-19_China_WF0028_2020_EPI_ISL_413791	China
hCoV-19_China_WF0029_2020_EPI_ISL_413809	China
hCoV-19_Congo_KN-13_2020_EPI_ISL_414647	Congo
hCoV-19_Czech_Republic_951_2020_EPI_ISL_414477	Czech Republic
hCoV-19_England_200641094_2020_EPI_ISL_414040	England
hCoV-19_England_200690245_2020_EPI_ISL_414041	England
hCoV-19_England_200690300_2020_EPI_ISL_414042	England
hCoV-19_England_200690306_2020_EPI_ISL_414043	England
hCoV-19_England_200690756_2020_EPI_ISL_414044	England
hCoV-19_England_200990002_2020_EPI_ISL_414522	England
hCoV-19_England_20099038206_2020_EPI_ISL_415129	England
hCoV-19_England_200990660_2020_EPI_ISL_414523	England
hCoV-19_England_20099079106_2020_EPI_ISL_415130	England
hCoV-19_England_20099107406_2020_EPI_ISL_415131	England
hCoV-19_England_200991076_2020_EPI_ISL_414524	England
hCoV-19_England_20100001406_2020_EPI_ISL_415132	England
hCoV-19_England_20100004706_2020_EPI_ISL_415133	England
hCoV-19_England_20100004806_2020_EPI_ISL_415134	England
hCoV-19_England_20100005406_2020_EPI_ISL_415135	England
hCoV-19_England_20100022706_2020_EPI_ISL_415136	England
hCoV-19_England_20100023206_2020_EPI_ISL_415137	England
hCoV-19_England_20100024006_2020_EPI_ISL_415138	England
hCoV-19_England_20100077906_2020_EPI_ISL_415139	England
hCoV-19_England_20100121006_2020_EPI_ISL_415140	England
hCoV-19_England_20100121007_2020_EPI_ISL_415141	England
hCoV-19_England_20100122106_2020_EPI_ISL_415142	England
hCoV-19_England_20100122107_2020_EPI_ISL_415143	England
hCoV-19_England_20102000106_2020_EPI_ISL_415144	England
hCoV-19_England_20102000206_2020_EPI_ISL_415145	England
hCoV-19_England_20102000306_2020_EPI_ISL_415146	England
hCoV-19_England_20102000506_2020_EPI_ISL_415147	England
hCoV-19_England_20102000906_2020_EPI_ISL_415148	England
hCoV-19_England_20102068506_2020_EPI_ISL_415149	England
hCoV-19_England_201040081_2020_EPI_ISL_414525	England
hCoV-19_England_201040141_2020_EPI_ISL_414526	England
hCoV-19_England_20110003506_2020_EPI_ISL_415150	England
hCoV-19_England_Sheff01_2020_EPI_ISL_414500	England
hCoV-19_England_Sheff02_2020_EPI_ISL_414501	England
hCoV-19_Finland_FIN-114_2020_EPI_ISL_414640	Finland
hCoV-19_Finland_FIN-266_2020_EPI_ISL_414646	Finland
hCoV-19_Finland_FIN-274_2020_EPI_ISL_414645	Finland
hCoV-19_Finland_FIN-313_2020_EPI_ISL_414641	Finland
hCoV-19_Finland_FIN-318_2020_EPI_ISL_414644	Finland
hCoV-19_Finland_FIN-455_2020_EPI_ISL_414642	Finland
hCoV-19_Finland_FIN-508_2020_EPI_ISL_414643	Finland
hCoV-19_Finland_FIN01032020_2020_EPI_ISL_413605	Finland
hCoV-19_Finland_FIN03032020A_2020_EPI_ISL_413602	Finland
hCoV-19_Finland_FIN03032020B_2020_EPI_ISL_413603	Finland
hCoV-19_Finland_FIN03032020C_2020_EPI_ISL_413604	Finland
hCoV-19_France_GE1583_2020_EPI_ISL_414600	France
hCoV-19_France_GE1583_2020_EPI_ISL_414623	France
hCoV-19_France_GE1973_2020_EPI_ISL_414631	France
hCoV-19_France_GE1977_2020_EPI_ISL_414632	France
hCoV-19_France_HF1684_2020_EPI_ISL_414626	France
hCoV-19_France_HF1795_2020_EPI_ISL_414627	France
hCoV-19_France_HF1805_2020_EPI_ISL_414628	France
hCoV-19_France_HF1870_2020_EPI_ISL_414629	France
hCoV-19_France_HF1871_2020_EPI_ISL_414630	France
hCoV-19_France_HF1986_2020_EPI_ISL_414634	France
hCoV-19_France_HF1988_2020_EPI_ISL_414635	France
hCoV-19_France_HF1989_2020_EPI_ISL_414636	France
hCoV-19_France_HF1993_2020_EPI_ISL_414637	France
hCoV-19_France_HF1995_2020_EPI_ISL_414638	France
hCoV-19_France_IDF1980_2020_EPI_ISL_414633	France
hCoV-19_France_N1620_2020_EPI_ISL_414601	France
hCoV-19_France_N1620_2020_EPI_ISL_414624	France
hCoV-19_France_PL1643_2020_EPI_ISL_414625	France
hCoV-19_Georgia_Tb-477_2020_EPI_ISL_415642	Georgia
hCoV-19_Georgia_Tb-54_2020_EPI_ISL_415641	Georgia
hCoV-19_Germany_BavPat2_2020_EPI_ISL_414520	Germany
hCoV-19_Germany_BavPat3_2020_EPI_ISL_414521	Germany
hCoV-19_Germany_NRW-011_2020_EPI_ISL_414507	Germany
hCoV-19_Germany_NRW-02-1_2020_EPI_ISL_414497	Germany
hCoV-19_Germany_NRW-03_2020_EPI_ISL_414498	Germany
hCoV-19_Germany_NRW-04_2020_EPI_ISL_414499	Germany
hCoV-19_Germany_NRW-05_2020_EPI_ISL_414504	Germany
hCoV-19_Germany_NRW-06_2020_EPI_ISL_414505	Germany
hCoV-19_Germany_NRW-07_2020_EPI_ISL_414506	Germany
hCoV-19_Germany_NRW-08_2020_EPI_ISL_414508	Germany
hCoV-19_Germany_NRW-09_2020_EPI_ISL_414509	Germany
hCoV-19_Germany_NRW-10_2020_EPI_ISL_414574	Germany
hCoV-19_Guangdong_DG-S2-P0054_2020_EPI_ISL_413894	China
hCoV-19_Guangdong_DG-S41-P0056_2020_EPI_ISL_413896	China
hCoV-19_Guangdong_DG-S6-P0055_2020_EPI_ISL_413895	China
hCoV-19_Guangdong_FS-S29-P0051_2020_EPI_ISL_413891	China
hCoV-19_Guangdong_FS-S30-P0052_2020_EPI_ISL_413892	China
hCoV-19_Guangdong_FS-S34-P0015_2020_EPI_ISL_413890	China
hCoV-19_Guangdong_FS-S50-P0053_2020_EPI_ISL_413893	China
hCoV-19_Guangdong_GD2020012-P0022_2020_EPI_ISL_413886	China
hCoV-19_Guangdong_GD2020016-P0011_2020_EPI_ISL_413885	China
hCoV-19_Guangdong_GD2020085-P0043_2020_EPI_ISL_413887	China
hCoV-19_Guangdong_GD2020227-P0029_2020_EPI_ISL_413880	China
hCoV-19_Guangdong_GD2020241-P0013_2020_EPI_ISL_413877	China
hCoV-19_Guangdong_GD2020258-P0018_2020_EPI_ISL_413878	China
hCoV-19_Guangdong_GDFS2020056-P0044_2020_EPI_ISL_413876	China
hCoV-19_Guangdong_GDSZ202004-P0004_2020_EPI_ISL_413879	China
hCoV-19_Guangdong_GDSZ202009-P0032_2020_EPI_ISL_413881	China
hCoV-19_Guangdong_GDSZ202013-P0014_2020_EPI_ISL_413865	China
hCoV-19_Guangdong_JM-S1-P0062_2020_EPI_ISL_413902	China
hCoV-19_Guangdong_SZ-N128-P0057_2020_EPI_ISL_413897	China
hCoV-19_Guangdong_ZH-N22-P0059_2020_EPI_ISL_413899	China
hCoV-19_Guangdong_ZH-S33-P0058_2020_EPI_ISL_413898	China
hCoV-19_Guangdong_ZQ-S2-P0061_2020_EPI_ISL_413901	China
hCoV-19_Guangdong_ZS-S6-P0060_2020_EPI_ISL_413900	China
hCoV-19_Guangzhou_GZMU0014_2020_EPI_ISL_414692	China
hCoV-19_Guangzhou_GZMU0016_2020_EPI_ISL_414663	China
hCoV-19_Guangzhou_GZMU0030_2020_EPI_ISL_414684	China
hCoV-19_Guangzhou_GZMU0030_2020_EPI_ISL_414685	China
hCoV-19_Guangzhou_GZMU0030_2020_EPI_ISL_414686	China
hCoV-19_Guangzhou_GZMU0031_2020_EPI_ISL_414687	China
hCoV-19_Guangzhou_GZMU0042_2020_EPI_ISL_414688	China
hCoV-19_Guangzhou_GZMU0044_2020_EPI_ISL_414689	China
hCoV-19_Guangzhou_GZMU0047_2020_EPI_ISL_414690	China
hCoV-19_Guangzhou_GZMU0048_2020_EPI_ISL_414691	China
hCoV-19_Hong_Kong_case42_VM20002493_2020_EPI_ISL_414527	Hong Kong
hCoV-19_Hong_Kong_case48_VM20002507_2020_EPI_ISL_414528	Hong Kong
hCoV-19_Hong_Kong_case49_VM20002508_2020_EPI_ISL_414567	Hong Kong
hCoV-19_Hong_Kong_case52_VM20002582_2020_EPI_ISL_414569	Hong Kong
hCoV-19_Hong_Kong_case78_VM20002849_2020_EPI_ISL_414571	Hong Kong
hCoV-19_Hong_Kong_case85_VM20002868_2020_EPI_ISL_414519	Hong Kong
hCoV-19_Hong_Kong_case90_VM20002907_2020_EPI_ISL_414517	Hong Kong
hCoV-19_India_341_2020_EPI_ISL_414515	India
hCoV-19_Indonesia_NIHRD651_2020_EPI_ISL_414375	Indonesia
hCoV-19_Indonesia_NIHRD651_2020_EPI_ISL_414377	Indonesia
hCoV-19_Indonesia_NIHRD655_2020_EPI_ISL_414376	Indonesia
hCoV-19_Iran_113-1_2020_EPI_ISL_414575	Iran
hCoV-19_Iran_113-2_2020_EPI_ISL_414568	Iran
hCoV-19_Iran_12Bj_2020_EPI_ISL_414475	Iran
hCoV-19_Iran_133-2_2020_EPI_ISL_414572	Iran
hCoV-19_Iran_137-2_2020_EPI_ISL_414573	Iran
hCoV-19_Iran_257182_2020_EPI_ISL_413906	Iran
hCoV-19_Iran_25Aq_2020_EPI_ISL_413905	Iran
hCoV-19_Iran_MHKN-2_2020_EPI_ISL_414513	Iran
hCoV-19_Iran_MKHN-4_2020_EPI_ISL_414514	Iran
hCoV-19_Iran_Qom-257045_2020_EPI_ISL_414945	Iran
hCoV-19_Iran_Qom-257531_2020_EPI_ISL_414946	Iran
hCoV-19_Iran_Qom255194_2020_EPI_ISL_413904	Iran
hCoV-19_Iran_Qom257039_2020_EPI_ISL_414371	Iran
hCoV-19_Iran_Qom257524_2020_EPI_ISL_414372	Iran
hCoV-19_Iran_Qom257526_2020_EPI_ISL_414374	Iran
hCoV-19_Iran_Qom257540_2020_EPI_ISL_414373	Iran
hCoV-19_Iran_Tehran-288885_2020_EPI_ISL_414948	Iran
hCoV-19_Iran_Tehran1319_2020_EPI_ISL_413955	Iran
hCoV-19_Iran_Tehran1337_2020_EPI_ISL_413949	Iran
hCoV-19_Iran_Tehran15AW_2020_EPI_ISL_413553	Iran
hCoV-19_Iran_Tehran9BE_2020_EPI_ISL_413554	Iran
hCoV-19_Iran_mehr1_2020_EPI_ISL_414516	Iran
hCoV-19_Ireland_COR-20134_2020_EPI_ISL_414487	Ireland
hCoV-19_Ireland_Dublin-19072_2020_EPI_ISL_414584	Ireland
hCoV-19_Ireland_Limerick-19933_2020_EPI_ISL_414585	Ireland
hCoV-19_Ireland_Limerick-19934_2020_EPI_ISL_414586	Ireland
hCoV-19_Ireland_Limerick-19935_2020_EPI_ISL_414587	Ireland
hCoV-19_Italy_MBS-Cagliari-1_2020_EPI_ISL_414599	Italy
hCoV-19_Italy_NIAA05032020_2020_EPI_ISL_414512	Italy
hCoV-19_Japan_TKYE6182_2020_EPI_ISL_414511	Japan
hCoV-19_Luxemburg_Lux1_2020_EPI_ISL_413593	Luxemburg
hCoV-19_NetherlandsL_Houten_1363498_2020_EPI_ISL_413575	Netherlands
hCoV-19_Netherlands_Andel_1365066_2020_EPI_ISL_413564	Netherlands
hCoV-19_Netherlands_Berlicum_1363564_2020_EPI_ISL_413565	Netherlands
hCoV-19_Netherlands_Blaricum_1364780_2020_EPI_ISL_413566	Netherlands
hCoV-19_Netherlands_Coevorden_1363618_2020_EPI_ISL_413567	Netherlands
hCoV-19_Netherlands_Dalen_1363624_2020_EPI_ISL_413568	Netherlands
hCoV-19_Netherlands_Delft_1363424_2020_EPI_ISL_413569	Netherlands
hCoV-19_Netherlands_Diemen_1363454_2020_EPI_ISL_413570	Netherlands
hCoV-19_Netherlands_Eindhoven_1363782_2020_EPI_ISL_413571	Netherlands
hCoV-19_Netherlands_Gelderland_1_2020_EPI_ISL_414423	Netherlands
hCoV-19_Netherlands_Gelderland_2_2020_EPI_ISL_415462	Netherlands
hCoV-19_Netherlands_Gelderland_3_2020_EPI_ISL_415463	Netherlands
hCoV-19_Netherlands_Haarlem_1363688_2020_EPI_ISL_413572	Netherlands
hCoV-19_Netherlands_Hardinxveld_Giessendam_1364806_2020_EPI_ISL_413573	Netherlands
hCoV-19_Netherlands_Helmond_1363548_2020_EPI_ISL_413574	Netherlands
hCoV-19_Netherlands_Limburg_2_2020_EPI_ISL_414424	Netherlands
hCoV-19_Netherlands_Limburg_3_2020_EPI_ISL_414425	Netherlands
hCoV-19_Netherlands_Limburg_4_2020_EPI_ISL_414426	Netherlands
hCoV-19_Netherlands_Limburg_5_2020_EPI_ISL_414448	Netherlands
hCoV-19_Netherlands_Limburg_6_2020_EPI_ISL_414427	Netherlands
hCoV-19_Netherlands_Limburg_7_2020_EPI_ISL_415464	Netherlands
hCoV-19_Netherlands_Loon_op_zand_1363512_2020_EPI_ISL_413576	Netherlands
hCoV-19_Netherlands_Naarden_1364774_2020_EPI_ISL_413577	Netherlands
hCoV-19_Netherlands_Nieuwendijk_1363582_2020_EPI_ISL_413578	Netherlands
hCoV-19_Netherlands_NoordBrabant_10_2020_EPI_ISL_414431	Netherlands
hCoV-19_Netherlands_NoordBrabant_11_2020_EPI_ISL_414432	Netherlands
hCoV-19_Netherlands_NoordBrabant_12_2020_EPI_ISL_414452	Netherlands
hCoV-19_Netherlands_NoordBrabant_13_2020_EPI_ISL_414453	Netherlands
hCoV-19_Netherlands_NoordBrabant_14_2020_EPI_ISL_414454	Netherlands
hCoV-19_Netherlands_NoordBrabant_15_2020_EPI_ISL_414455	Netherlands
hCoV-19_Netherlands_NoordBrabant_16_2020_EPI_ISL_414456	Netherlands
hCoV-19_Netherlands_NoordBrabant_17_2020_EPI_ISL_414457	Netherlands
hCoV-19_Netherlands_NoordBrabant_18_2020_EPI_ISL_414458	Netherlands
hCoV-19_Netherlands_NoordBrabant_19_2020_EPI_ISL_414459	Netherlands
hCoV-19_Netherlands_NoordBrabant_1_2020_EPI_ISL_414428	Netherlands
hCoV-19_Netherlands_NoordBrabant_20_2020_EPI_ISL_414529	Netherlands
hCoV-19_Netherlands_NoordBrabant_21_2020_EPI_ISL_414530	Netherlands
hCoV-19_Netherlands_NoordBrabant_22_2020_EPI_ISL_414531	Netherlands
hCoV-19_Netherlands_NoordBrabant_23_2020_EPI_ISL_414532	Netherlands
hCoV-19_Netherlands_NoordBrabant_24_2020_EPI_ISL_414533	Netherlands
hCoV-19_Netherlands_NoordBrabant_25_2020_EPI_ISL_414534	Netherlands
hCoV-19_Netherlands_NoordBrabant_26_2020_EPI_ISL_414535	Netherlands
hCoV-19_Netherlands_NoordBrabant_27_2020_EPI_ISL_414536	Netherlands
hCoV-19_Netherlands_NoordBrabant_28_2020_EPI_ISL_414537	Netherlands
hCoV-19_Netherlands_NoordBrabant_29_2020_EPI_ISL_414538	Netherlands
hCoV-19_Netherlands_NoordBrabant_2_2020_EPI_ISL_414449	Netherlands
hCoV-19_Netherlands_NoordBrabant_30_2020_EPI_ISL_414539	Netherlands
hCoV-19_Netherlands_NoordBrabant_31_2020_EPI_ISL_414540	Netherlands
hCoV-19_Netherlands_NoordBrabant_32_2020_EPI_ISL_414541	Netherlands
hCoV-19_Netherlands_NoordBrabant_33_2020_EPI_ISL_414542	Netherlands
hCoV-19_Netherlands_NoordBrabant_34_2020_EPI_ISL_414543	Netherlands
hCoV-19_Netherlands_NoordBrabant_35_2020_EPI_ISL_414544	Netherlands
hCoV-19_Netherlands_NoordBrabant_36_2020_EPI_ISL_414545	Netherlands
hCoV-19_Netherlands_NoordBrabant_37_2020_EPI_ISL_414546	Netherlands
hCoV-19_Netherlands_NoordBrabant_38_2020_EPI_ISL_414547	Netherlands
hCoV-19_Netherlands_NoordBrabant_39_2020_EPI_ISL_414548	Netherlands
hCoV-19_Netherlands_NoordBrabant_3_2020_EPI_ISL_414429	Netherlands
hCoV-19_Netherlands_NoordBrabant_4_2020_EPI_ISL_414450	Netherlands
hCoV-19_Netherlands_NoordBrabant_5_2020_EPI_ISL_414430	Netherlands
hCoV-19_Netherlands_NoordBrabant_6_2020_EPI_ISL_414451	Netherlands
hCoV-19_Netherlands_NoordHolland_1_2020_EPI_ISL_414433	Netherlands
hCoV-19_Netherlands_NoordHolland_2_2020_EPI_ISL_414549	Netherlands
hCoV-19_Netherlands_NoordHolland_3_2020_EPI_ISL_415525	Netherlands
hCoV-19_Netherlands_Nootdorp_1364222_2020_EPI_ISL_413579	Netherlands
hCoV-19_Netherlands_Oisterwijk_1364072_2020_EPI_ISL_413580	Netherlands
hCoV-19_Netherlands_Oss_1363500_2020_EPI_ISL_413581	Netherlands
hCoV-19_Netherlands_Overijssel_1_2020_EPI_ISL_414434	Netherlands
hCoV-19_Netherlands_Overijssel_2_2020_EPI_ISL_414460	Netherlands
hCoV-19_Netherlands_Overijssel_2_2020_EPI_ISL_414550	Netherlands
hCoV-19_Netherlands_Rotterdam_1363790_2020_EPI_ISL_413582	Netherlands
hCoV-19_Netherlands_Rotterdam_1364040_2020_EPI_ISL_413583	Netherlands
hCoV-19_Netherlands_Rotterdam_1364740_2020_EPI_ISL_413584	Netherlands
hCoV-19_Netherlands_Tilburg_1363354_2020_EPI_ISL_413586	Netherlands
hCoV-19_Netherlands_Tilburg_1364286_2020_EPI_ISL_413587	Netherlands
hCoV-19_Netherlands_Tilburg__2020_EPI_ISL_413585	Netherlands
hCoV-19_Netherlands_Utrecht_10_2020_EPI_ISL_414442	Netherlands
hCoV-19_Netherlands_Utrecht_11_2020_EPI_ISL_414443	Netherlands
hCoV-19_Netherlands_Utrecht_12_2020_EPI_ISL_414462	Netherlands
hCoV-19_Netherlands_Utrecht_12_2020_EPI_ISL_414551	Netherlands
hCoV-19_Netherlands_Utrecht_1363564_2020_EPI_ISL_413588	Netherlands
hCoV-19_Netherlands_Utrecht_1363628_2020_EPI_ISL_413589	Netherlands
hCoV-19_Netherlands_Utrecht_1364066_2020_EPI_ISL_413590	Netherlands
hCoV-19_Netherlands_Utrecht_13_2020_EPI_ISL_414463	Netherlands
hCoV-19_Netherlands_Utrecht_13_2020_EPI_ISL_414552	Netherlands
hCoV-19_Netherlands_Utrecht_14_2020_EPI_ISL_414464	Netherlands
hCoV-19_Netherlands_Utrecht_14_2020_EPI_ISL_414553	Netherlands
hCoV-19_Netherlands_Utrecht_15_2020_EPI_ISL_414554	Netherlands
hCoV-19_Netherlands_Utrecht_16_2020_EPI_ISL_414555	Netherlands
hCoV-19_Netherlands_Utrecht_17_2020_EPI_ISL_415526	Netherlands
hCoV-19_Netherlands_Utrecht_18_2020_EPI_ISL_415527	Netherlands
hCoV-19_Netherlands_Utrecht_19_2020_EPI_ISL_415528	Netherlands
hCoV-19_Netherlands_Utrecht_1_2020_EPI_ISL_414435	Netherlands
hCoV-19_Netherlands_Utrecht_2_2020_EPI_ISL_414436	Netherlands
hCoV-19_Netherlands_Utrecht_3_2020_EPI_ISL_414437	Netherlands
hCoV-19_Netherlands_Utrecht_4_2020_EPI_ISL_414438	Netherlands
hCoV-19_Netherlands_Utrecht_5_2020_EPI_ISL_414439	Netherlands
hCoV-19_Netherlands_Utrecht_6_2020_EPI_ISL_414461	Netherlands
hCoV-19_Netherlands_Utrecht_7_2020_EPI_ISL_414440	Netherlands
hCoV-19_Netherlands_Utrecht_8_2020_EPI_ISL_414441	Netherlands
hCoV-19_Netherlands_Zeewolde_1365080_2020_EPI_ISL_413591	Netherlands
hCoV-19_Netherlands_ZuidHolland_10_2020_EPI_ISL_414446	Netherlands
hCoV-19_Netherlands_ZuidHolland_11_2020_EPI_ISL_414469	Netherlands
hCoV-19_Netherlands_ZuidHolland_13_2020_EPI_ISL_414470	Netherlands
hCoV-19_Netherlands_ZuidHolland_14_2020_EPI_ISL_414471	Netherlands
hCoV-19_Netherlands_ZuidHolland_15_2020_EPI_ISL_414557	Netherlands
hCoV-19_Netherlands_ZuidHolland_16_2020_EPI_ISL_414558	Netherlands
hCoV-19_Netherlands_ZuidHolland_17_2020_EPI_ISL_414559	Netherlands
hCoV-19_Netherlands_ZuidHolland_18_2020_EPI_ISL_414560	Netherlands
hCoV-19_Netherlands_ZuidHolland_19_2020_EPI_ISL_414561	Netherlands
hCoV-19_Netherlands_ZuidHolland_1_2020_EPI_ISL_414444	Netherlands
hCoV-19_Netherlands_ZuidHolland_20_2020_EPI_ISL_414562	Netherlands
hCoV-19_Netherlands_ZuidHolland_21_2020_EPI_ISL_414563	Netherlands
hCoV-19_Netherlands_ZuidHolland_22_2020_EPI_ISL_414564	Netherlands
hCoV-19_Netherlands_ZuidHolland_23_2020_EPI_ISL_414565	Netherlands
hCoV-19_Netherlands_ZuidHolland_24_2020_EPI_ISL_414566	Netherlands
hCoV-19_Netherlands_ZuidHolland_25_2020_EPI_ISL_415529	Netherlands
hCoV-19_Netherlands_ZuidHolland_26_2020_EPI_ISL_415530	Netherlands
hCoV-19_Netherlands_ZuidHolland_27_2020_EPI_ISL_415531	Netherlands
hCoV-19_Netherlands_ZuidHolland_28_2020_EPI_ISL_415532	Netherlands
hCoV-19_Netherlands_ZuidHolland_29_2020_EPI_ISL_415533	Netherlands
hCoV-19_Netherlands_ZuidHolland_2_2020_EPI_ISL_414556	Netherlands
hCoV-19_Netherlands_ZuidHolland_30_2020_EPI_ISL_415534	Netherlands
hCoV-19_Netherlands_ZuidHolland_31_2020_EPI_ISL_415535	Netherlands
hCoV-19_Netherlands_ZuidHolland_5_2020_EPI_ISL_414465	Netherlands
hCoV-19_Netherlands_ZuidHolland_6_2020_EPI_ISL_414466	Netherlands
hCoV-19_Netherlands_ZuidHolland_7_2020_EPI_ISL_414467	Netherlands
hCoV-19_Netherlands_ZuidHolland_8_2020_EPI_ISL_414468	Netherlands
hCoV-19_Netherlands_ZuidHolland_9_2020_EPI_ISL_414445	Netherlands
hCoV-19_Nigeria_Lagos01_2020_EPI_ISL_413550	Nigeria
hCoV-19_Northern_Ireland_HSCNI01_2020_EPI_ISL_414949	Ireland
hCoV-19_Panama_328677_2020_EPI_ISL_415152	Panama
hCoV-19_Portugal_CV62_2020_EPI_ISL_413647	Portugal
hCoV-19_Portugal_CV63_2020_EPI_ISL_413648	Portugal
hCoV-19_Scotland_CVR02_2020_EPI_ISL_414024	Scotland
hCoV-19_Scotland_CVR03_2020_EPI_ISL_414025	Scotland
hCoV-19_Scotland_CVR04_2020_EPI_ISL_414026	Scotland
hCoV-19_Scotland_CVR05_2020_EPI_ISL_414027	Scotland
hCoV-19_Scotland_CVR06_2020_EPI_ISL_415628	Scotland
hCoV-19_Scotland_CVR07_2020_EPI_ISL_415630	Scotland
hCoV-19_Scotland_CVR10_2020_EPI_ISL_415631	Scotland
hCoV-19_Scotland_EDB003_2020_EPI_ISL_415640	Scotland
hCoV-19_Scotland_EDB004_2020_EPI_ISL_415629	Scotland
hCoV-19_Scotland_EDB005_2020_EPI_ISL_415632	Scotland
hCoV-19_Scotland_EDB006_2020_EPI_ISL_415633	Scotland
hCoV-19_Scotland_EDB007_2020_EPI_ISL_415634	Scotland
hCoV-19_Scotland_EDB008_2020_EPI_ISL_415635	Scotland
hCoV-19_Scotland_EDB009_2020_EPI_ISL_415636	Scotland
hCoV-19_Scotland_EDB011_2020_EPI_ISL_415637	Scotland
hCoV-19_Scotland_EDB012_2020_EPI_ISL_415638	Scotland
hCoV-19_Scotland_EDB013_2020_EPI_ISL_415639	Scotland
hCoV-19_Shandong_LY001_2020_EPI_ISL_414934	China
hCoV-19_Shandong_LY002_2020_EPI_ISL_414935	China
hCoV-19_Shandong_LY003_2020_EPI_ISL_414936	China
hCoV-19_Shandong_LY004_2020_EPI_ISL_414937	China
hCoV-19_Shandong_LY005_2020_EPI_ISL_414938	China
hCoV-19_Shandong_LY006_2020_EPI_ISL_414939	China
hCoV-19_Shandong_LY007_2020_EPI_ISL_414940	China
hCoV-19_Shandong_LY008_2020_EPI_ISL_414941	China
hCoV-19_Shanghai_SH01_2020_EPI_ISL_414510	China
hCoV-19_Shenzhen_3_2020_EPI_ISL_414503	China
hCoV-19_Singapore_12_2020_EPI_ISL_414378	Singapore
hCoV-19_Singapore_13_2020_EPI_ISL_414379	Singapore
hCoV-19_Singapore_14_2020_EPI_ISL_414380	Singapore
hCoV-19_South_Korea_KUMC03_2020_EPI_ISL_413513	Korea
hCoV-19_South_Korea_KUMC04_2020_EPI_ISL_413514	Korea
hCoV-19_South_Korea_KUMC05_2020_EPI_ISL_413515	Korea
hCoV-19_South_Korea_KUMC06_2020_EPI_ISL_413516	Korea
hCoV-19_Spain_Valencia1_2020_EPI_ISL_414495	Spain
hCoV-19_Spain_Valencia2_2020_EPI_ISL_414496	Spain
hCoV-19_Spain_Valencia3_2020_EPI_ISL_414598	Spain
hCoV-19_Switzerland_AG0361_2020_EPI_ISL_413999	Switzerland
hCoV-19_Switzerland_AG7120_2020_EPI_ISL_415457	Switzerland
hCoV-19_Switzerland_BE6651_2020_EPI_ISL_415456	Switzerland
hCoV-19_Switzerland_BL0902_2020_EPI_ISL_414021	Switzerland
hCoV-19_Switzerland_GE0199_2020_EPI_ISL_415455	Switzerland
hCoV-19_Switzerland_GE1422_2020_EPI_ISL_415454	Switzerland
hCoV-19_Switzerland_GE3121_2020_EPI_ISL_414019	Switzerland
hCoV-19_Switzerland_GE3895_2020_EPI_ISL_413997	Switzerland
hCoV-19_Switzerland_GE5373_2020_EPI_ISL_414020	Switzerland
hCoV-19_Switzerland_GE8102_2020_EPI_ISL_415458	Switzerland
hCoV-19_Switzerland_GE9586_2020_EPI_ISL_414022	Switzerland
hCoV-19_Switzerland_TI9486_2020_EPI_ISL_413996	Switzerland
hCoV-19_Switzerland_VD0503_2020_EPI_ISL_415459	Switzerland
hCoV-19_Switzerland_VD5615_2020_EPI_ISL_414023	Switzerland
hCoV-19_Taiwan_NTU03_2020_EPI_ISL_413592	Taiwan
hCoV-19_USA_CA-CDPH-UC1_2020_EPI_ISL_413557	USA
hCoV-19_USA_CA-CDPH-UC2_2020_EPI_ISL_413558	USA
hCoV-19_USA_CA-CDPH-UC3_2020_EPI_ISL_413559	USA
hCoV-19_USA_CA-CDPH-UC4_2020_EPI_ISL_413561	USA
hCoV-19_USA_CA-CDPH-UC5_2020_EPI_ISL_413922	USA
hCoV-19_USA_CA-CDPH-UC6_2020_EPI_ISL_413924	USA
hCoV-19_USA_CA-CDPH-UC7_2020_EPI_ISL_413925	USA
hCoV-19_USA_CA-CDPH-UC8_2020_EPI_ISL_413926	USA
hCoV-19_USA_CA-CDPH-UC9_2020_EPI_ISL_413928	USA
hCoV-19_USA_CA-PC101P_2020_EPI_ISL_414648	USA
hCoV-19_USA_CruiseA-10_2020_EPI_ISL_413615	USA
hCoV-19_USA_CruiseA-11_2020_EPI_ISL_413616	USA
hCoV-19_USA_CruiseA-12_2020_EPI_ISL_413617	USA
hCoV-19_USA_CruiseA-13_2020_EPI_ISL_413618	USA
hCoV-19_USA_CruiseA-14_2020_EPI_ISL_413619	USA
hCoV-19_USA_CruiseA-15_2020_EPI_ISL_413620	USA
hCoV-19_USA_CruiseA-16_2020_EPI_ISL_413621	USA
hCoV-19_USA_CruiseA-17_2020_EPI_ISL_413622	USA
hCoV-19_USA_CruiseA-18_2020_EPI_ISL_413623	USA
hCoV-19_USA_CruiseA-19_2020_EPI_ISL_414479	USA
hCoV-19_USA_CruiseA-1_2020_EPI_ISL_413606	USA
hCoV-19_USA_CruiseA-21_2020_EPI_ISL_414480	USA
hCoV-19_USA_CruiseA-22_2020_EPI_ISL_414481	USA
hCoV-19_USA_CruiseA-23_2020_EPI_ISL_414482	USA
hCoV-19_USA_CruiseA-24_2020_EPI_ISL_414483	USA
hCoV-19_USA_CruiseA-25_2020_EPI_ISL_414484	USA
hCoV-19_USA_CruiseA-26_2020_EPI_ISL_414485	USA
hCoV-19_USA_CruiseA-2_2020_EPI_ISL_413607	USA
hCoV-19_USA_CruiseA-3_2020_EPI_ISL_413608	USA
hCoV-19_USA_CruiseA-4_2020_EPI_ISL_413609	USA
hCoV-19_USA_CruiseA-5_2020_EPI_ISL_413610	USA
hCoV-19_USA_CruiseA-6_2020_EPI_ISL_413611	USA
hCoV-19_USA_CruiseA-7_2020_EPI_ISL_413612	USA
hCoV-19_USA_CruiseA-8_2020_EPI_ISL_413613	USA
hCoV-19_USA_CruiseA-9_2020_EPI_ISL_413614	USA
hCoV-19_USA_MN1-MDH1_2020_EPI_ISL_414588	USA
hCoV-19_USA_MN2-MDH2_2020_EPI_ISL_414589	USA
hCoV-19_USA_MN3-MDH3_2020_EPI_ISL_414590	USA
hCoV-19_USA_NY-NYUMC1_2020_EPI_ISL_414639	USA
hCoV-19_USA_NY1-PV08001_2020_EPI_ISL_414476	USA
hCoV-19_USA_NY2-PV08100_2020_EPI_ISL_415151	USA
hCoV-19_USA_UC-CDPH-UC11_2020_EPI_ISL_413931	USA
hCoV-19_USA_UPHL-01_2020_EPI_ISL_415539	USA
hCoV-19_USA_UPHL-02_2020_EPI_ISL_415540	USA
hCoV-19_USA_UPHL-03_2020_EPI_ISL_415541	USA
hCoV-19_USA_UPHL-04_2020_EPI_ISL_415542	USA
hCoV-19_USA_UPHL-05_2020_EPI_ISL_415543	USA
hCoV-19_USA_UPHL-06_2020_EPI_ISL_415544	USA
hCoV-19_USA_WA-S3_2020_EPI_ISL_413560	USA
hCoV-19_USA_WA-UW15_2020_EPI_ISL_414363	USA
hCoV-19_USA_WA-UW16_2020_EPI_ISL_414364	USA
hCoV-19_USA_WA-UW17_2020_EPI_ISL_414365	USA
hCoV-19_USA_WA-UW18_2020_EPI_ISL_414366	USA
hCoV-19_USA_WA-UW19_2020_EPI_ISL_414367	USA
hCoV-19_USA_WA-UW20_2020_EPI_ISL_414368	USA
hCoV-19_USA_WA-UW21_2020_EPI_ISL_414369	USA
hCoV-19_USA_WA-UW22_2020_EPI_ISL_414591	USA
hCoV-19_USA_WA-UW23_2020_EPI_ISL_414592	USA
hCoV-19_USA_WA-UW24_2020_EPI_ISL_414593	USA
hCoV-19_USA_WA-UW25_2020_EPI_ISL_414594	USA
hCoV-19_USA_WA-UW26_2020_EPI_ISL_414595	USA
hCoV-19_USA_WA-UW27_2020_EPI_ISL_414596	USA
hCoV-19_USA_WA-UW28_2020_EPI_ISL_414597	USA
hCoV-19_USA_WA-UW29_2020_EPI_ISL_414616	USA
hCoV-19_USA_WA-UW30_2020_EPI_ISL_414617	Unknown
hCoV-19_USA_WA-UW31_2020_EPI_ISL_414618	Unknown
hCoV-19_USA_WA-UW32_2020_EPI_ISL_414619	Unknown
hCoV-19_USA_WA-UW33_2020_EPI_ISL_414620	Unknown
hCoV-19_USA_WA-UW34_2020_EPI_ISL_414621	USA
hCoV-19_USA_WA-UW35_2020_EPI_ISL_414622	USA
hCoV-19_USA_WA-UW40_2020_EPI_ISL_415605	USA
hCoV-19_USA_WA-UW41_2020_EPI_ISL_415606	USA
hCoV-19_USA_WA-UW42_2020_EPI_ISL_415607	USA
hCoV-19_USA_WA-UW43_2020_EPI_ISL_415608	USA
hCoV-19_USA_WA-UW44_2020_EPI_ISL_415609	USA
hCoV-19_USA_WA-UW45_2020_EPI_ISL_415610	USA
hCoV-19_USA_WA-UW46_2020_EPI_ISL_415611	USA
hCoV-19_USA_WA-UW47_2020_EPI_ISL_415612	USA
hCoV-19_USA_WA-UW48_2020_EPI_ISL_415613	USA
hCoV-19_USA_WA-UW49_2020_EPI_ISL_415614	USA
hCoV-19_USA_WA-UW50_2020_EPI_ISL_415615	USA
hCoV-19_USA_WA-UW51_2020_EPI_ISL_415616	USA
hCoV-19_USA_WA-UW52_2020_EPI_ISL_415617	USA
hCoV-19_USA_WA-UW53_2020_EPI_ISL_415618	USA
hCoV-19_USA_WA-UW54_2020_EPI_ISL_415619	USA
hCoV-19_USA_WA-UW55_2020_EPI_ISL_415620	USA
hCoV-19_USA_WA-UW56_2020_EPI_ISL_415621	USA
hCoV-19_USA_WA-UW57_2020_EPI_ISL_415622	USA
hCoV-19_USA_WA-UW58_2020_EPI_ISL_415623	USA
hCoV-19_USA_WA-UW59_2020_EPI_ISL_415624	USA
hCoV-19_USA_WA-UW60_2020_EPI_ISL_415625	USA
hCoV-19_USA_WA-UW61_2020_EPI_ISL_415626	USA
hCoV-19_USA_WA-UW62_2020_EPI_ISL_415627	USA
hCoV-19_USA_WA-UW63_2020_EPI_ISL_415591	USA
hCoV-19_USA_WA-UW64_2020_EPI_ISL_415592	USA
hCoV-19_USA_WA-UW65_2020_EPI_ISL_415593	USA
hCoV-19_USA_WA-UW66_2020_EPI_ISL_415594	USA
hCoV-19_USA_WA-UW67_2020_EPI_ISL_415595	USA
hCoV-19_USA_WA-UW68_2020_EPI_ISL_415596	USA
hCoV-19_USA_WA-UW69_2020_EPI_ISL_415597	USA
hCoV-19_USA_WA-UW70_2020_EPI_ISL_415598	USA
hCoV-19_USA_WA-UW71_2020_EPI_ISL_415599	USA
hCoV-19_USA_WA-UW72_2020_EPI_ISL_415600	USA
hCoV-19_USA_WA-UW73_2020_EPI_ISL_415601	USA
hCoV-19_USA_WA-UW74_2020_EPI_ISL_415602	USA
hCoV-19_USA_WA-UW75_2020_EPI_ISL_415603	USA
hCoV-19_USA_WA-UW76_2020_EPI_ISL_415604	USA
hCoV-19_USA_WA11-UW7_2020_EPI_ISL_413562	USA
hCoV-19_USA_WA12-UW8_2020_EPI_ISL_413563	USA
hCoV-19_USA_WA13-UW9_2020_EPI_ISL_413601	USA
hCoV-19_USA_WA14-UW10_2020_EPI_ISL_413649	USA
hCoV-19_USA_WA15-UW11_2020_EPI_ISL_413650	USA
hCoV-19_USA_WA16-UW12_2020_EPI_ISL_413651	USA
hCoV-19_USA_WA17-UW13_2020_EPI_ISL_413652	USA
hCoV-19_USA_WA18-UW14_2020_EPI_ISL_413653	USA
hCoV-19_USA_WA4-UW2_2020_EPI_ISL_413455	USA
hCoV-19_United_Kingdom_200940527_2020_EPI_ISL_414005	England
hCoV-19_United_Kingdom_200960041_2020_EPI_ISL_414008	England
hCoV-19_United_Kingdom_200960515_2020_EPI_ISL_414009	England
hCoV-19_United_Kingdom_200981386_2020_EPI_ISL_414010	England
hCoV-19_United_Kingdom_200990006_2020_EPI_ISL_414011	England
hCoV-19_United_Kingdom_200990723_2020_EPI_ISL_414012	England
hCoV-19_United_Kingdom_200990724_2020_EPI_ISL_414006	England
hCoV-19_United_Kingdom_200990725_2020_EPI_ISL_414007	England
hCoV-19_United_Kingdom_201000003_2020_EPI_ISL_414013	England
hCoV-19_Wales_PHW03_2020_EPI_ISL_414486	Wales
hCoV-19_Wales_PHW04_2020_EPI_ISL_415041	Wales
hCoV-19_Wales_PHW05_2020_EPI_ISL_414488	Wales
hCoV-19_Wales_PHW06_2020_EPI_ISL_415435	Wales
hCoV-19_Wales_PHW10_2020_EPI_ISL_415453	Wales
hCoV-19_Wales_PHW12_2020_EPI_ISL_415536	Wales
hCoV-19_Wales_PHW13_2020_EPI_ISL_415537	Wales
hCoV-19_Wales_PHW1_2020_EPI_ISL_413555	Wales
hCoV-19_Wales_PHW2_2020_EPI_ISL_413556	Wales
hCoV-19_Wales_PHW38_2020_EPI_ISL_415538	Wales
hCoV-19_canine_Hong_Kong_20-02756_2020_EPI_ISL_414518	Hong Kong
hCov-19_China_WF0016_2020_EPI_ISL_413746	China
hCov-19_Georgia_Tb-82_2020_EPI_ISL_415644	Georgia
hCov-19_Netherlands_Flevoland_1_2020_EPI_ISL_415460	Netherlands
hCov-19_Netherlands_Gelderland_1_2020_EPI_ISL_415461	Netherlands
hCov-19_Netherlands_NA_10_2020_EPI_ISL_415466	Netherlands
hCov-19_Netherlands_NA_11_2020_EPI_ISL_415467	Netherlands
hCov-19_Netherlands_NA_12_2020_EPI_ISL_415468	Netherlands
hCov-19_Netherlands_NA_13_2020_EPI_ISL_415469	Netherlands
hCov-19_Netherlands_NA_14_2020_EPI_ISL_415470	Netherlands
hCov-19_Netherlands_NA_15_2020_EPI_ISL_415471	Netherlands
hCov-19_Netherlands_NA_16_2020_EPI_ISL_415472	Netherlands
hCov-19_Netherlands_NA_17_2020_EPI_ISL_415473	Netherlands
hCov-19_Netherlands_NA_18_2020_EPI_ISL_415474	Netherlands
hCov-19_Netherlands_NA_19_2020_EPI_ISL_415475	Netherlands
hCov-19_Netherlands_NA_1_2020_EPI_ISL_415465	Netherlands
hCov-19_Netherlands_NA_20_2020_EPI_ISL_415477	Netherlands
hCov-19_Netherlands_NA_21_2020_EPI_ISL_415478	Netherlands
hCov-19_Netherlands_NA_22_2020_EPI_ISL_415479	Netherlands
hCov-19_Netherlands_NA_23_2020_EPI_ISL_415480	Netherlands
hCov-19_Netherlands_NA_24_2020_EPI_ISL_415481	Netherlands
hCov-19_Netherlands_NA_25_2020_EPI_ISL_415482	Netherlands
hCov-19_Netherlands_NA_26_2020_EPI_ISL_415483	Netherlands
hCov-19_Netherlands_NA_27_2020_EPI_ISL_415484	Netherlands
hCov-19_Netherlands_NA_28_2020_EPI_ISL_415485	Netherlands
hCov-19_Netherlands_NA_29_2020_EPI_ISL_415486	Netherlands
hCov-19_Netherlands_NA_2_2020_EPI_ISL_415476	Netherlands
hCov-19_Netherlands_NA_30_2020_EPI_ISL_415487	Netherlands
hCov-19_Netherlands_NA_31_2020_EPI_ISL_415488	Netherlands
hCov-19_Netherlands_NA_32_2020_EPI_ISL_415489	Netherlands
hCov-19_Netherlands_NA_33_2020_EPI_ISL_415490	Netherlands
hCov-19_Netherlands_NA_34_2020_EPI_ISL_415491	Netherlands
hCov-19_Netherlands_NA_35_2020_EPI_ISL_415492	Netherlands
hCov-19_Netherlands_NA_4_2020_EPI_ISL_415493	Netherlands
hCov-19_Netherlands_NA_5_2020_EPI_ISL_415494	Netherlands
hCov-19_Netherlands_NA_6_2020_EPI_ISL_415495	Netherlands
hCov-19_Netherlands_NA_7_2020_EPI_ISL_415496	Netherlands
hCov-19_Netherlands_NA_8_2020_EPI_ISL_415497	Netherlands
hCov-19_Netherlands_NA_9_2020_EPI_ISL_415498	Netherlands
hCov-19_Netherlands_NoordBrabant_41_2020_EPI_ISL_415499	Netherlands
hCov-19_Netherlands_NoordBrabant_42_2020_EPI_ISL_415500	Netherlands
hCov-19_Netherlands_NoordBrabant_44_2020_EPI_ISL_415501	Netherlands
hCov-19_Netherlands_NoordBrabant_45_2020_EPI_ISL_415502	Netherlands
hCov-19_Netherlands_NoordBrabant_46_2020_EPI_ISL_415503	Netherlands
hCov-19_Netherlands_NoordBrabant_47_2020_EPI_ISL_415504	Netherlands
hCov-19_Netherlands_NoordBrabant_48_2020_EPI_ISL_415505	Netherlands
hCov-19_Netherlands_NoordBrabant_49_2020_EPI_ISL_415506	Netherlands
hCov-19_Netherlands_NoordBrabant_51_2020_EPI_ISL_415507	Netherlands
hCov-19_Netherlands_NoordBrabant_52_2020_EPI_ISL_415508	Netherlands
hCov-19_Netherlands_NoordBrabant_53_2020_EPI_ISL_415509	Netherlands
hCov-19_Netherlands_NoordBrabant_54_2020_EPI_ISL_415510	Netherlands
hCov-19_Netherlands_NoordBrabant_55_2020_EPI_ISL_415511	Netherlands
hCov-19_Netherlands_NoordBrabant_56_2020_EPI_ISL_415512	Netherlands
hCov-19_Netherlands_NoordBrabant_57_2020_EPI_ISL_415513	Netherlands
hCov-19_Netherlands_NoordBrabant_58_2020_EPI_ISL_415514	Netherlands
hCov-19_Netherlands_NoordBrabant_59_2020_EPI_ISL_415515	Netherlands
hCov-19_Netherlands_NoordBrabant_60_2020_EPI_ISL_415516	Netherlands
hCov-19_Netherlands_NoordBrabant_61_2020_EPI_ISL_415517	Netherlands
hCov-19_Netherlands_NoordBrabant_62_2020_EPI_ISL_415518	Netherlands
hCov-19_Netherlands_NoordBrabant_63_2020_EPI_ISL_415519	Netherlands
hCov-19_Netherlands_NoordBrabant_64_2020_EPI_ISL_415520	Netherlands
hCov-19_Netherlands_NoordBrabant_65_2020_EPI_ISL_415521	Netherlands
hCov-19_Netherlands_NoordBrabant_66_2020_EPI_ISL_415522	Netherlands
hCov-19_Netherlands_NoordBrabant_67_2020_EPI_ISL_415523	Netherlands
hCov-19_Netherlands_NoordBrabant_68_2020_EPI_ISL_415524	Netherlands
nCoV-19_GE_Tb-468_2020_EPI_ISL_415643	Georgia
